
<?xml version="1.0" encoding="UTF-8"?>
<appInfo>
    <appInfo>
        <title>native</title>
        <version>0.0.1</version>
        <appid></appid>
        <categoryId>1</categoryId>
        <categoryName></categoryName>
        <developer></developer>
        <lastUpadteTime>2017-11-24 15:54:08</lastUpadteTime>
        <versionHistoryInformation></versionHistoryInformation>
        <information></information>
        <end>微信Android用户，点击右上角菜单【在浏览器中打开】方可下载!</end>
    </appInfo>
</appInfo>
    